Title,Link,Year
Swooner Crooner (1944),https://subslikescript.com/movie/Swooner_Crooner-37339,1944
Plane Daffy (1944),https://subslikescript.com/movie/Plane_Daffy-37180,1944
A Gruesome Twosome (1945),https://subslikescript.com/movie/A_Gruesome_Twosome-37753,1945
I Am T-Rex (2022),https://subslikescript.com/movie/I_Am_T-Rex-28117438,2022
Come Into My World: How to Interact with a Person Who Has Dementia (2009),https://subslikescript.com/movie/Come_Into_My_World_How_to_Interact_with_a_Person_Who_Has_Dementia-11396186,2009
Shadow Warriors (1980),https://subslikescript.com/movie/Shadow_Warriors-6975420,1980
The Young Dragons (1974),https://subslikescript.com/movie/The_Young_Dragons-70801,1974
Tove (2020),https://subslikescript.com/movie/Tove-11007444,2020
A Not So Royal Christmas (2023),https://subslikescript.com/movie/A_Not_So_Royal_Christmas-29593677,2023
Land of Fear (1999),https://subslikescript.com/movie/Land_of_Fear-233234,1999
Daddy Daughter Trip (2022),https://subslikescript.com/movie/Daddy_Daughter_Trip-15367558,2022
The Projected Man (1966),https://subslikescript.com/movie/The_Projected_Man-62159,1966
Bunker Hill Bunny (1950),https://subslikescript.com/movie/Bunker_Hill_Bunny-42290,1950
The Night Heaven Fell (1958),https://subslikescript.com/movie/The_Night_Heaven_Fell-50193,1958
Violette nei capelli (1942),https://subslikescript.com/movie/Violette_nei_capelli-34362,1942
Body on the Beach (),https://subslikescript.com/movie/Body_on_the_Beach-21155252,
Earth (),https://subslikescript.com/movie/Earth-7541728,
The Morning After (2023),https://subslikescript.com/movie/The_Morning_After-17541886,2023
Hyde Park (2022),https://subslikescript.com/movie/Hyde_Park-15727400,2022
Anthropophagus II (2022),https://subslikescript.com/movie/Anthropophagus_II-13757762,2022
Je t'aime moi non plus (1976),https://subslikescript.com/movie/Je_taime_moi_non_plus-73196,1976
How to Fall in Love by Christmas (2023),https://subslikescript.com/movie/How_to_Fall_in_Love_by_Christmas-29144851,2023
Mad Love (2015),https://subslikescript.com/movie/Mad_Love-4019142,2015
Kilukkam (1991),https://subslikescript.com/movie/Kilukkam-255306,1991
Rappakal (2005),https://subslikescript.com/movie/Rappakal-460541,2005
Curse of the God Dog (1977),https://subslikescript.com/movie/Curse_of_the_God_Dog-1987590,1977
Listen Up! (2023),https://subslikescript.com/movie/Listen_Up-28538693,2023
Man on the Brink (1981),https://subslikescript.com/movie/Man_on_the_Brink-185188,1981
Terminal Island (1973),https://subslikescript.com/movie/Terminal_Island-70782,1973
Bad Girl Mako (1971),https://subslikescript.com/movie/Bad_Girl_Mako-251200,1971
Never Say Never (2023),https://subslikescript.com/movie/Never_Say_Never-20865116,2023
Killers of the Flower Moon (2023),https://subslikescript.com/movie/Killers_of_the_Flower_Moon-5537002,2023
"Phaeton, the Son of the Sun (1972)",https://subslikescript.com/movie/Phaeton_the_Son_of_the_Sun-3876650,1972
Amelia Lópes O'Neill (1991),https://subslikescript.com/movie/Amelia_Lpes_ONeill-99027,1991
Scrap (2022),https://subslikescript.com/movie/Scrap-10422486,2022
Below Zero (2021),https://subslikescript.com/movie/Below_Zero-9845564,2021
Death Wish (2018),https://subslikescript.com/movie/Death_Wish-1137450,2018
Underdogs (2013),https://subslikescript.com/movie/Underdogs-1634003,2013
A Rainy Day in New York (2019),https://subslikescript.com/movie/A_Rainy_Day_in_New_York-7139936,2019
The Golden Child (1986),https://subslikescript.com/movie/The_Golden_Child-91129,1986
Looney Tunes: Rabbits Run (2015),https://subslikescript.com/movie/Looney_Tunes_Rabbits_Run-4840666,2015
War of the Worlds (2005),https://subslikescript.com/movie/War_of_the_Worlds-407304,2005
New Nightmare (1994),https://subslikescript.com/movie/New_Nightmare-111686,1994
The Incredible Journey of Doctor Meg Laurel (1979),https://subslikescript.com/movie/The_Incredible_Journey_of_Doctor_Meg_Laurel-79339,1979
Me Too (2009),https://subslikescript.com/movie/Me_Too-1289449,2009
Dustbin Baby (2008),https://subslikescript.com/movie/Dustbin_Baby-1325734,2008
Tilt (2010),https://subslikescript.com/movie/Tilt-1680019,2010
Sexy Boys (2001),https://subslikescript.com/movie/Sexy_Boys-282155,2001
Devarattam (2019),https://subslikescript.com/movie/Devarattam-8011346,2019
Prathi Poovankozhi (2019),https://subslikescript.com/movie/Prathi_Poovankozhi-11312700,2019
Choosi Choodangaane (2020),https://subslikescript.com/movie/Choosi_Choodangaane-11301882,2020
Big Daddy (1999),https://subslikescript.com/movie/Big_Daddy-142342,1999
Sis dies corrents (2021),https://subslikescript.com/movie/Sis_dies_corrents-9310606,2021
A Good Person (2023),https://subslikescript.com/movie/A_Good_Person-14153080,2023
Like Mike (2002),https://subslikescript.com/movie/Like_Mike-308506,2002
16 Blocks (2006),https://subslikescript.com/movie/16_Blocks-450232,2006
The Twilight Saga: New Moon (2009),https://subslikescript.com/movie/The_Twilight_Saga_New_Moon-1259571,2009
My Little Pony: Equestria Girls - Legend of Everfree (2016),https://subslikescript.com/movie/My_Little_Pony_Equestria_Girls_-_Legend_of_Everfree-5474644,2016
Girls on Probation (1938),https://subslikescript.com/movie/Girls_on_Probation-30183,1938
Lady Jane (2008),https://subslikescript.com/movie/Lady_Jane-996956,2008
20 Days in Mariupol (2023),https://subslikescript.com/movie/20_Days_in_Mariupol-24082438,2023
Lui è peggio di me (1985),https://subslikescript.com/movie/Lui__peggio_di_me-87653,1985
Garudan (2023),https://subslikescript.com/movie/Garudan-27411198,2023
Space Master X-7 (1958),https://subslikescript.com/movie/Space_Master_X-7-52228,1958
The Bartered Bride (1932),https://subslikescript.com/movie/The_Bartered_Bride-23657,1932
Lady Ballers (2023),https://subslikescript.com/movie/Lady_Ballers-30216176,2023
Cat's Eye (1985),https://subslikescript.com/movie/Cats_Eye-88889,1985
They All Laughed (1981),https://subslikescript.com/movie/They_All_Laughed-83189,1981
The Counterfeiters (2010),https://subslikescript.com/movie/The_Counterfeiters-1594510,2010
The Whip and the Body (1963),https://subslikescript.com/movie/The_Whip_and_the_Body-57078,1963
Jigoku no mushi (1979),https://subslikescript.com/movie/Jigoku_no_mushi-187183,1979
The Greatest (2009),https://subslikescript.com/movie/The_Greatest-1226232,2009
The Re-Education of Molly Singer (2023),https://subslikescript.com/movie/The_Re-Education_of_Molly_Singer-12143990,2023
How I Learned to Fly (2023),https://subslikescript.com/movie/How_I_Learned_to_Fly-28487580,2023
Better Days (2023),https://subslikescript.com/movie/Better_Days-19315304,2023
America's Family (2022),https://subslikescript.com/movie/Americas_Family-8839642,2022
My Norwegian Holiday (2023),https://subslikescript.com/movie/My_Norwegian_Holiday-29233518,2023
Fukrey 3 (2023),https://subslikescript.com/movie/Fukrey_3-26445483,2023
My Big Fat Greek Wedding 3 (2023),https://subslikescript.com/movie/My_Big_Fat_Greek_Wedding_3-21103300,2023
Hoa Binh (1970),https://subslikescript.com/movie/Hoa_Binh-65838,1970
Mumbaikar (2023),https://subslikescript.com/movie/Mumbaikar-13732212,2023
Indian (1996),https://subslikescript.com/movie/Indian-116630,1996
Ram Setu (2022),https://subslikescript.com/movie/Ram_Setu-11783766,2022
"Sister, What Grows Where Land Is Sick? (2022)",https://subslikescript.com/movie/Sister_What_Grows_Where_Land_Is_Sick-21228936,2022
Thriller 40 (2023),https://subslikescript.com/movie/Thriller_40-22482764,2023
Lotta på Bråkmakargatan (1992),https://subslikescript.com/movie/Lotta_p_Brkmakargatan-104761,1992
That Hagen Girl (1947),https://subslikescript.com/movie/That_Hagen_Girl-39892,1947
Leprechaun 5: In the Hood (2000),https://subslikescript.com/movie/Leprechaun_5_In_the_Hood-209095,2000
To Forget Venice (1979),https://subslikescript.com/movie/To_Forget_Venice-79054,1979
Leprechaun 3 (1995),https://subslikescript.com/movie/Leprechaun_3-113636,1995
Leprechaun 4: In Space (1996),https://subslikescript.com/movie/Leprechaun_4_In_Space-116861,1996
Journey to Bethlehem (2023),https://subslikescript.com/movie/Journey_to_Bethlehem-13848804,2023
800 (2023),https://subslikescript.com/movie/800-27539086,2023
The Boss of It All (2006),https://subslikescript.com/movie/The_Boss_of_It_All-469754,2006
Blame (2017),https://subslikescript.com/movie/Blame-4607722,2017
A Christmas Carol (1999),https://subslikescript.com/movie/A_Christmas_Carol-216621,1999
The Shape of Night (1964),https://subslikescript.com/movie/The_Shape_of_Night-2162278,1964
Hotel Atlântico (2009),https://subslikescript.com/movie/Hotel_Atlntico-1252605,2009
Love Reset (2023),https://subslikescript.com/movie/Love_Reset-29031019,2023
Smil mand! (1972),https://subslikescript.com/movie/Smil_mand-200148,1972
Knock at the Cabin (2023),https://subslikescript.com/movie/Knock_at_the_Cabin-15679400,2023
Dark Paradise (2022),https://subslikescript.com/movie/Dark_Paradise-27590592,2022
Scrapper (2023),https://subslikescript.com/movie/Scrapper-8649252,2023
Tharzan - La vera storia del figlio della giungla (1995),https://subslikescript.com/movie/Tharzan_-_La_vera_storia_del_figlio_della_giungla-110214,1995
All Soul's Day (1961),https://subslikescript.com/movie/All_Souls_Day-56713,1961
Yannick (2023),https://subslikescript.com/movie/Yannick-28236368,2023
The Beniker Gang (1984),https://subslikescript.com/movie/The_Beniker_Gang-88787,1984
The Perfect In-Laws (2023),https://subslikescript.com/movie/The_Perfect_In-Laws-27045702,2023
"Wax, or the Discovery of Television Among the Bees (1991)",https://subslikescript.com/movie/Wax_or_the_Discovery_of_Television_Among_the_Bees-105791,1991
Allswell in New York (2022),https://subslikescript.com/movie/Allswell_in_New_York-12243560,2022
Detektif Jaga Jarak (2023),https://subslikescript.com/movie/Detektif_Jaga_Jarak-27687483,2023
A Fish Tale (2000),https://subslikescript.com/movie/A_Fish_Tale-168856,2000
Angels in America: Part I - Millennium Approaches (2017),https://subslikescript.com/movie/Angels_in_America_Part_I_-_Millennium_Approaches-6846664,2017
"Rock, Paper, Scissors: The Way of the Tosser (2007)",https://subslikescript.com/movie/Rock_Paper_Scissors_The_Way_of_the_Tosser-1121964,2007
National Theatre Live: Angels in America Part Two: Perestroika (2017),https://subslikescript.com/movie/National_Theatre_Live_Angels_in_America_Part_Two_Perestroika-6847810,2017
Bad CGI Gator (2023),https://subslikescript.com/movie/Bad_CGI_Gator-28309395,2023
Ballad of Tara (1979),https://subslikescript.com/movie/Ballad_of_Tara-79997,1979
How the Gringo Stole Christmas (2023),https://subslikescript.com/movie/How_the_Gringo_Stole_Christmas-14034732,2023
A Stolen Life (1946),https://subslikescript.com/movie/A_Stolen_Life-38984,1946
Stalag 17 (1953),https://subslikescript.com/movie/Stalag_17-46359,1953
Kamyu nante shiranai (2005),https://subslikescript.com/movie/Kamyu_nante_shiranai-456873,2005
Boys Over Flowers (1995),https://subslikescript.com/movie/Boys_Over_Flowers-889194,1995
Kuroi Mehyô M (1974),https://subslikescript.com/movie/Kuroi_Mehy_M-3591958,1974
Mela (2000),https://subslikescript.com/movie/Mela-232079,2000
A Billion Lives (2016),https://subslikescript.com/movie/A_Billion_Lives-5069074,2016
Monsternado (2023),https://subslikescript.com/movie/Monsternado-24221914,2023
The Dark Sisters (2023),https://subslikescript.com/movie/The_Dark_Sisters-26315645,2023
The Mill (2023),https://subslikescript.com/movie/The_Mill-26569323,2023
The Beast in the Jungle (2023),https://subslikescript.com/movie/The_Beast_in_the_Jungle-19864472,2023
Lovers Vanished (2010),https://subslikescript.com/movie/Lovers_Vanished-1670690,2010
Psycho-Pass: Providence (2023),https://subslikescript.com/movie/Psycho-Pass_Providence-26224944,2023
The Shepherd (2023),https://subslikescript.com/movie/The_Shepherd-10075766,2023
The Flower with Seven Colors (1948),https://subslikescript.com/movie/The_Flower_with_Seven_Colors-2487736,1948
Hazard (2005),https://subslikescript.com/movie/Hazard-798722,2005
"J'ai faim, j'ai froid (1984)",https://subslikescript.com/movie/Jai_faim_jai_froid-87491,1984
Mencari Hilal (2015),https://subslikescript.com/movie/Mencari_Hilal-4848740,2015
Timeless Heroes: Indiana Jones and Harrison Ford (2023),https://subslikescript.com/movie/Timeless_Heroes_Indiana_Jones_and_Harrison_Ford-30023697,2023
Beebo Saves Christmas (2021),https://subslikescript.com/movie/Beebo_Saves_Christmas-15554088,2021
The Place on a Grey Tricorne (1993),https://subslikescript.com/movie/The_Place_on_a_Grey_Tricorne-128063,1993
Perses (1973),https://subslikescript.com/movie/Perses-457098,1973
May December (2023),https://subslikescript.com/movie/May_December-13651794,2023
There's Something in the Barn (2023),https://subslikescript.com/movie/Theres_Something_in_the_Barn-23060796,2023
Glisten and the Merry Mission (2023),https://subslikescript.com/movie/Glisten_and_the_Merry_Mission-23870264,2023
All Souls (2023),https://subslikescript.com/movie/All_Souls-14316486,2023
Thank You for Coming (2023),https://subslikescript.com/movie/Thank_You_for_Coming-23036080,2023
White River (2023),https://subslikescript.com/movie/White_River-26412602,2023
Doraemon the Movie: Nobita's Sky Utopia (2023),https://subslikescript.com/movie/Doraemon_the_Movie_Nobitas_Sky_Utopia-21223380,2023
A Brush with Christmas (2022),https://subslikescript.com/movie/A_Brush_with_Christmas-22500220,2022
Red Nose Day Actually (2017),https://subslikescript.com/movie/Red_Nose_Day_Actually-6582384,2017
21 Grams (2003),https://subslikescript.com/movie/21_Grams-315733,2003
